{"assets/fonts/Poppins-Bold.ttf":["assets/fonts/Poppins-Bold.ttf"],"assets/fonts/Poppins-ExtraBold.ttf":["assets/fonts/Poppins-ExtraBold.ttf"],"assets/fonts/Poppins-Light.ttf":["assets/fonts/Poppins-Light.ttf"],"assets/fonts/Poppins-Medium.ttf":["assets/fonts/Poppins-Medium.ttf"],"assets/fonts/Poppins-Regular.ttf":["assets/fonts/Poppins-Regular.ttf"],"assets/icon/1.png":["assets/icon/1.png"],"assets/icon/1_timer.png":["assets/icon/1_timer.png"],"assets/icon/2.png":["assets/icon/2.png"],"assets/icon/2_settings.png":["assets/icon/2_settings.png"],"assets/icon/3.png":["assets/icon/3.png"],"assets/icon/3_home.png":["assets/icon/3_home.png"],"assets/icon/4.png":["assets/icon/4.png"],"assets/icon/4_set.png":["assets/icon/4_set.png"],"assets/icon/done_1.png":["assets/icon/done_1.png"],"assets/icon/fire.png":["assets/icon/fire.png"],"assets/icon/heart.png":["assets/icon/heart.png"],"assets/icon/home.png":["assets/icon/home.png"],"assets/icon/home_1.png":["assets/icon/home_1.png"],"assets/icon/notification.png":["assets/icon/notification.png"],"assets/icon/personal.png":["assets/icon/personal.png"],"assets/icon/search.png":["assets/icon/search.png"],"assets/icon/settings.png":["assets/icon/settings.png"],"assets/icon/statistics.png":["assets/icon/statistics.png"],"assets/icon/tab_1.png":["assets/icon/tab_1.png"],"assets/icon/test_1.png":["assets/icon/test_1.png"],"assets/icon/user.png":["assets/icon/user.png"],"assets/icon/walk_1.png":["assets/icon/walk_1.png"],"assets/images/1.png":["assets/images/1.png"],"assets/images/2.png":["assets/images/2.png"],"assets/images/3.png":["assets/images/3.png"],"assets/images/BeHerd.png":["assets/images/BeHerd.png"],"assets/images/Rectangle.png":["assets/images/Rectangle.png"],"assets/images/app_logo.png":["assets/images/app_logo.png"],"assets/images/appbar_logo.png":["assets/images/appbar_logo.png"],"assets/images/arrow.png":["assets/images/arrow.png"],"assets/images/avatar_big.png":["assets/images/avatar_big.png"],"assets/images/avatar_small.png":["assets/images/avatar_small.png"],"assets/images/aww.png":["assets/images/aww.png"],"assets/images/box_1.png":["assets/images/box_1.png"],"assets/images/box_2.png":["assets/images/box_2.png"],"assets/images/box_3.png":["assets/images/box_3.png"],"assets/images/care.png":["assets/images/care.png"],"assets/images/cares.png":["assets/images/cares.png"],"assets/images/eh.png":["assets/images/eh.png"],"assets/images/empty.png":["assets/images/empty.png"],"assets/images/google.png":["assets/images/google.png"],"assets/images/happy.png":["assets/images/happy.png"],"assets/images/image_1.png":["assets/images/image_1.png"],"assets/images/image_2.png":["assets/images/image_2.png"],"assets/images/image_3.png":["assets/images/image_3.png"],"assets/images/logo.png":["assets/images/logo.png"],"assets/images/logo1.png":["assets/images/logo1.png"],"assets/images/logo_red.png":["assets/images/logo_red.png"],"assets/images/sad.png":["assets/images/sad.png"],"assets/images/smile.png":["assets/images/smile.png"],"assets/images/sp_1.png":["assets/images/sp_1.png"],"assets/images/sp_2.png":["assets/images/sp_2.png"],"assets/images/sp_3.png":["assets/images/sp_3.png"],"assets/images/splash_logo.png":["assets/images/splash_logo.png"],"assets/images/success.png":["assets/images/success.png"],"assets/images/success2.png":["assets/images/success2.png"],"assets/images/teal_container.png":["assets/images/teal_container.png"],"assets/images/tile.png":["assets/images/tile.png"],"packages/cupertino_icons/assets/CupertinoIcons.ttf":["packages/cupertino_icons/assets/CupertinoIcons.ttf"],"packages/iconsax/lib/assets/fonts/iconsax.ttf":["packages/iconsax/lib/assets/fonts/iconsax.ttf"]}