[{"family":"MaterialIcons","fonts":[{"asset":"fonts/MaterialIcons-Regular.otf"}]},{"family":"Poppins","fonts":[{"weight":500,"asset":"assets/fonts/Poppins-Regular.ttf"},{"weight":800,"asset":"assets/fonts/Poppins-Bold.ttf"},{"weight":900,"asset":"assets/fonts/Poppins-ExtraBold.ttf"},{"weight":600,"asset":"assets/fonts/Poppins-Medium.ttf"},{"weight":300,"asset":"assets/fonts/Poppins-Light.ttf"}]},{"family":"packages/cupertino_icons/CupertinoIcons","fonts":[{"asset":"packages/cupertino_icons/assets/CupertinoIcons.ttf"}]},{"family":"packages/iconsax/iconsax","fonts":[{"asset":"packages/iconsax/lib/assets/fonts/iconsax.ttf"}]}]